<?xml version="1.0" encoding="UTF-8"?>
<project-private xmlns="http://www.netbeans.org/ns/project-private/1">
    <editor-bookmarks xmlns="http://www.netbeans.org/ns/editor-bookmarks/2" lastBookmarkId="0"/>
    <open-files xmlns="http://www.netbeans.org/ns/projectui-open-files/2">
        <group>
            <file>file:/C:/Users/the_t/Desktop/PORTAFOLIO%20DE%20TITULO/PORTAFOLIO%20RESTAU/JAVA/ResTAU/src/Clases/Conexion_BD.java</file>
            <file>file:/C:/Users/the_t/Desktop/PORTAFOLIO%20DE%20TITULO/PORTAFOLIO%20RESTAU/JAVA/ResTAU/src/restau/ResTAU.java</file>
            <file>file:/C:/Users/the_t/Desktop/PORTAFOLIO%20DE%20TITULO/PORTAFOLIO%20RESTAU/JAVA/ResTAU/src/Clases/Ingrediente.java</file>
            <file>file:/C:/Users/the_t/Desktop/PORTAFOLIO%20DE%20TITULO/PORTAFOLIO%20RESTAU/JAVA/ResTAU/src/img/Imagen3.png</file>
            <file>file:/C:/Users/the_t/Desktop/PORTAFOLIO%20DE%20TITULO/PORTAFOLIO%20RESTAU/JAVA/ResTAU/src/Vista/Menu_Restau.java</file>
            <file>file:/C:/Users/the_t/Desktop/PORTAFOLIO%20DE%20TITULO/PORTAFOLIO%20RESTAU/JAVA/ResTAU/src/Vista/Ingrediente/Mostrar_Ingrediente.java</file>
            <file>file:/C:/Users/the_t/Desktop/PORTAFOLIO%20DE%20TITULO/PORTAFOLIO%20RESTAU/JAVA/ResTAU/src/Vista/Ingrediente/Eliminar_Ingrediente.java</file>
            <file>file:/C:/Users/the_t/Desktop/PORTAFOLIO%20DE%20TITULO/PORTAFOLIO%20RESTAU/JAVA/ResTAU/src/Vista/Login/Login_PRINCIPAL.java</file>
            <file>file:/C:/Users/the_t/Desktop/PORTAFOLIO%20DE%20TITULO/PORTAFOLIO%20RESTAU/JAVA/ResTAU/src/img/campos.png</file>
            <file>file:/C:/Users/the_t/Desktop/PORTAFOLIO%20DE%20TITULO/PORTAFOLIO%20RESTAU/JAVA/ResTAU/src/Vista/Ingrediente/Interfaz_modificar_ingrediente.java</file>
            <file>file:/C:/Users/the_t/Desktop/PORTAFOLIO%20DE%20TITULO/PORTAFOLIO%20RESTAU/JAVA/ResTAU/src/Vista/Ingrediente/Modificar_Ingrediente.java</file>
            <file>file:/C:/Users/the_t/Desktop/PORTAFOLIO%20DE%20TITULO/PORTAFOLIO%20RESTAU/JAVA/ResTAU/src/Vista/Login/AWTUtilities.java</file>
            <file>file:/C:/Users/the_t/Desktop/PORTAFOLIO%20DE%20TITULO/PORTAFOLIO%20RESTAU/JAVA/ResTAU/src/restau/Conexion_BD.java</file>
            <file>file:/C:/Users/the_t/Desktop/PORTAFOLIO%20DE%20TITULO/PORTAFOLIO%20RESTAU/JAVA/ResTAU/src/Clases/Manejadora.java</file>
            <file>file:/C:/Users/the_t/Desktop/PORTAFOLIO%20DE%20TITULO/PORTAFOLIO%20RESTAU/JAVA/ResTAU/src/Ventanas_Administracion/Ventana_administracion_ingrediente.java</file>
            <file>file:/C:/Users/the_t/Desktop/PORTAFOLIO%20DE%20TITULO/PORTAFOLIO%20RESTAU/JAVA/ResTAU/src/img/password1.png</file>
            <file>file:/C:/Users/the_t/Desktop/PORTAFOLIO%20DE%20TITULO/PORTAFOLIO%20RESTAU/JAVA/ResTAU/src/Vista/Ingrediente/Ingresar_Ingrediente.java</file>
        </group>
    </open-files>
</project-private>
